Workbook

Sheet คะแนน 4 หลัก 
E1: เอกสารแนบ
B2: ลำดับ | C2: ส่วนงาน | D2: คะแนนถ่วงน้ำหนักของส่วนงาน (MOU) | E2: คะแนนถ่วงน้ำหนักของส่วนงานที่รับผิดชอบตัวชี้วัดองค์กร (PA)
B3: 1 | C3: กยท.ข.ตบ. | D3: =[1]ตบ!$P$22 -> 4.945 | E3: =[2]Sheet1!$C$14 -> 0.21467423
B4: 2 | C4: กยท.ข.ตก. | D4: =[1]ตก!$P$22 -> 4.935 | E4: =[2]Sheet1!$C$13 -> 0.21467423
B5: 3 | C5: กยท.ข.อนล. | D5: =[1]อนล!$P$22 -> 4.82744 | E5: =[2]Sheet1!$C$18 -> 0.21467423
B6: 4 | C6: กยท.ข.ตล. | D6: =[1]ตล!$P$22 -> 4.73 | E6: =[2]Sheet1!$C$15 -> 0.21467423
B7: 5 | C7: สผว. | D7: =[3]สผว!$P$20 -> 4.70606 | E7: =[2]Sheet1!$C$30 -> 0.036780156
B8: 6 | C8: ฝกค. | D8: =[3]ฝกค!$S$19 -> 4.6508 | E8: =[2]Sheet1!$C$19 -> 0.036780156
B9: 7 | C9: สตส. | D9: =[3]สตส!$P$18 -> 4.547 | E9: =[2]Sheet1!$C$29 -> 0.036780156
B10: 8 | C10: กยท.ข.กอ. | D10: =[1]กอ!$P$22 -> 4.525865 | E10: =[2]Sheet1!$C$12 -> 0.21467423
B11: 9 | C11: ฝยศ. | D11: =[3]ฝยศ!$S$18 -> 4.45667 | E11: =[2]Sheet1!$C$25 -> 0.036780156
B12: 10 | C12: ฝอย. | D12: =[3]ฝอย.!$P$22 -> 4.39753 | E12: =[2]Sheet1!$C$28 -> 0.31536867
B13: 11 | C13: ฝกม. | D13: =[3]ฝกม!$P$18 -> 4.2525 | E13: =[2]Sheet1!$C$20 -> 0.036780156
B14: 12 | C14: สวย. | D14: =[3]สวย!$P$24 -> 4.19761 | E14: =[2]Sheet1!$C$31 -> 0.28905288
B15: 13 | C15: กยท.ข.น. | D15: =[1]น!$P$24 -> 4.07071 | E15: =[2]Sheet1!$C$16 -> 0.21467423
B16: 14 | C16: ฝสผ. | D16: =[3]ฝสผ!$P$22 -> 3.9317 | E16: =[2]Sheet1!$C$27 -> 0.12358571
B17: 15 | C17: ฝบท. | D17: =[3]ฝบท!$P$24 -> 3.865345 | E17: =[2]Sheet1!$C$23 -> 0.039052884
B18: 16 | C18: กจร.5 | D18: =[4]กจร.5!$P$24 -> 3.8 | E18: =[2]Sheet1!$C$7 -> 0.039052884
B19: 17 | C19: กจส.3 | D19: =[4]กจส.3!$P$20 -> 3.7125 | E19: =[2]Sheet1!$C$11 -> 0.083225816
B20: 18 | C20: ฝทม. | D20: =[3]ฝทม!$P$23 -> 3.64912 | E20: =[2]Sheet1!$C$21 -> 0.036780156
B21: 19 | C21: กจร.1 | D21: =[4]กจร.1!$P$22 -> 3.41743 | E21: =[2]Sheet1!$C$3 -> 0.083225816
B22: 20 | C22: ฝศย. | D22: =[3]ฝศย.!$P$23 -> 3.38588 | E22: =[2]Sheet1!$C$26 -> 0.096618673
B23: 21 | C23: กยท.ข.อนบ. | D23: =[1]อนบ!$P$24 -> 3.36886 | E23: =[2]Sheet1!$C$17 -> 0.21467423
B24: 22 | C24: ฝพก. | D24: =[3]ฝพก!$P$24 -> 3.2508 | E24: =[2]Sheet1!$C$24 -> 0.12585844
B25: 23 | C25: หน่วยธุรกิจ | D25: =[3]BU!$P$23 -> 2.83283 | E25: =[2]Sheet1!$C$32 -> 0.065368673
B26: 24 | C26: ฝทส. | D26: =[3]ฝทส!$P$22 -> 2.815 | E26: =[2]Sheet1!$C$22 -> 0.039052884
B27: 25 | C27: หกป. | D27: =[3]หกป!$P$20 -> 2.81066 | E27: =[2]Sheet1!$C$33 -> 0.036780156
B28: 26 | C28: กจร.6 | D28: =[4]กจร.6!$P$22 -> 2.54174 | E28: =[2]Sheet1!$C$8 -> 0.083225816
B29: 27 | C29: กจร.4 | D29: =[4]กจร.4!$P$24 -> 2.3433 | E29: =[2]Sheet1!$C$6 -> 0.065368673
B30: 28 | C30: กจส.2 | D30: =[4]กจส.2!$P$22 -> 2.20541 | E30: =[2]Sheet1!$C$10 -> 0.083225816
B31: 29 | C31: กจร.2 | D31: =[4]กจร.2!$P$24 -> 2.13901 | E31: =[2]Sheet1!$C$4 -> 0.083225816
B32: 30 | C32: กจม. | D32: =[4]กจม.!$P$17 -> 1.7925 | E32: =[2]Sheet1!$C$2 -> 0.080953089
B33: 31 | C33: กจส.1 | D33: =[4]กจส.1!$P$22 -> 1.78773 | E33: =[2]Sheet1!$C$9 -> 0.083225816
B34: 32 | C34: กจร.3 | D34: =[4]กจร.3!$P$20 -> 1.43844 | E34: =[2]Sheet1!$C$5 -> 0.063095946
